question_id,question,question_type,difficulty,expected_answer,source_document,source_pages,source_section_paths,source_semantic_unit_ids,source_element_ids,primary_source,required_source_set,acceptable_source_set,required_evidence,supporting_evidence,hard_negative_sources,answerability,requires_single_unit,requires_multiple_units,requires_parent_context,requires_table,requires_procedure,requires_cross_reference,requires_multi_hop,notes
Q001,What does TESTRX stand for?,definition,easy,TESTRX stands for Test Environment System for Tracking & Running Xecutions.,TESTRX User Manual,5,1 Introduction > 1.1 Purpose,section-1.1-element-001,section-1.1-element-001,section-1.1-element-001,section-1.1-element-001,section-1.1-element-001,TESTRX stands for Test Environment System for Tracking & Running Xecutions.,,,answerable,True,False,False,False,False,False,False,
Q002,What parts of the automotive testing workflow does TESTRX support?,factual,medium,"It supports standardized test-case authoring, test-script generation from test-bench configuration, and test execution for embedded automotive systems.",TESTRX User Manual,5,2 About TESTRX > 2.1 Overview,section-2.1-element-001|section-2.1-element-002,section-2.1-element-001|section-2.1-element-002,section-2.1-element-001,section-2.1-element-001|section-2.1-element-002,section-2.1-element-001|section-2.1-element-002,"It supports standardized test-case authoring, test-script generation from test-bench configuration, and test execution for embedded automotive systems.",,,answerable,False,True,True,False,False,False,False,
Q003,Which testing environments does TESTRX support?,factual,easy,"It supports a range of tools and environments, including HIL systems and in-vehicle testing.",TESTRX User Manual,5,2 About TESTRX > 2.1 Overview,section-2.1-element-002,section-2.1-element-002,section-2.1-element-002,section-2.1-element-002,section-2.1-element-002,"It supports a range of tools and environments, including HIL systems and in-vehicle testing.",,,answerable,True,False,False,False,False,False,False,
Q004,What happens if TESTRX installation fails?,troubleshooting,easy,The installer shows a notification and points to the generated log file for troubleshooting.,TESTRX User Manual,5,3 TESTRX Installation and Uninstallation,section-3-element-001,section-3-element-001,section-3-element-001,section-3-element-001,section-3-element-001,The installer shows a notification and points to the generated log file for troubleshooting.,,,answerable,True,False,False,False,False,False,False,
Q005,How can TESTRX be uninstalled from Windows?,procedure,medium,Use Control Panel > Programs and Features or Windows Settings > Apps & Features.,TESTRX User Manual,6,3 TESTRX Installation and Uninstallation > 3.2 Application Uninstallation,section-3.2-element-001,section-3.2-element-001,section-3.2-element-001,section-3.2-element-001,section-3.2-element-001,Use Control Panel > Programs and Features or Windows Settings > Apps & Features.,,,answerable,True,False,False,False,True,False,False,
Q006,What happens if TESTRX uninstallation fails?,troubleshooting,easy,The changes are rolled back safely and the user is informed of the failure.,TESTRX User Manual,6,3 TESTRX Installation and Uninstallation > 3.2 Application Uninstallation,section-3.2-element-001,section-3.2-element-001,section-3.2-element-001,section-3.2-element-001,section-3.2-element-001,The changes are rolled back safely and the user is informed of the failure.,,section-3-element-001,answerable,True,False,False,False,False,False,False,
Q007,How can a workspace location be chosen on first launch?,procedure,easy,"Enter a directory path manually or select one with Browse, then confirm with OK.",TESTRX User Manual,6|7,4 Workspace > 4.1 Workspace selection on First Launch,section-4.1-element-001|section-4.1-element-003,section-4.1-element-001|section-4.1-element-003,section-4.1-element-001,section-4.1-element-001|section-4.1-element-003,section-4.1-element-001|section-4.1-element-003,"Enter a directory path manually or select one with Browse, then confirm with OK.",,,answerable,False,True,False,False,True,False,False,
Q008,What happens when Cancel is selected in the first-launch workspace window?,factual,easy,"Workspace selection is aborted, the application closes, and no workspace information is stored.",TESTRX User Manual,6,4 Workspace > 4.1 Workspace selection on First Launch,section-4.1-element-001,section-4.1-element-001,section-4.1-element-001,section-4.1-element-001,section-4.1-element-001,"Workspace selection is aborted, the application closes, and no workspace information is stored.",,,answerable,True,False,False,False,False,False,False,
Q009,What does TESTRX create after a workspace location is confirmed?,factual,easy,"It creates a TESTRX_Workspace directory and all required subfolders, initializes components and data, and opens the Test Case view.",TESTRX User Manual,6|7,4 Workspace > 4.1 Workspace selection on First Launch,section-4.1-element-003,section-4.1-element-003,section-4.1-element-003,section-4.1-element-003,section-4.1-element-003,"It creates a TESTRX_Workspace directory and all required subfolders, initializes components and data, and opens the Test Case view.",,,answerable,True,False,False,False,False,False,False,
Q010,Which main areas appear on the TESTRX Home screen?,figure,medium,"The Home screen contains the Menu Bar, Test Environment Roles Selector, Project Navigator, and Test Case Editor.",TESTRX User Manual,7,5 Application Interface Overview,section-5-element-001,section-5-element-001|snp_2_p007,section-5-element-001,section-5-element-001,section-5-element-001|snp_2_p007,"The Home screen contains the Menu Bar, Test Environment Roles Selector, Project Navigator, and Test Case Editor.",snp_2_p007,,answerable,True,False,False,False,False,False,False,
Q011,What is the difference between the Test Case and Test Session tabs?,comparison,medium,"The Test Case tab is for viewing, creating, editing, and managing test cases; the Test Session tab is for starting, managing, and reviewing execution sessions.",TESTRX User Manual,7,5 Application Interface Overview,section-5-element-003,section-5-element-003,section-5-element-003,section-5-element-003,section-5-element-003,"The Test Case tab is for viewing, creating, editing, and managing test cases; the Test Session tab is for starting, managing, and reviewing execution sessions.",,,answerable,True,False,False,False,False,False,False,
Q012,What does the Project Navigator show for the Test Case role versus the Test Session role?,comparison,medium,"The Test Case role shows Projects, Test Suites, and Test Cases; the Test Session role shows Test Sessions, Test Suites, and Test Cases.",TESTRX User Manual,7|8,6 Project Navigator,section-6-element-001|section-6-element-002,section-6-element-001|section-6-element-002,section-6-element-001,section-6-element-001|section-6-element-002,section-6-element-001|section-6-element-002,"The Test Case role shows Projects, Test Suites, and Test Cases; the Test Session role shows Test Sessions, Test Suites, and Test Cases.",,,answerable,False,True,False,False,False,False,False,
Q013,How do you expand and collapse the Project Navigator?,procedure,easy,Click the Test Case or Test Session tab to expand it; click the same tab again to collapse it.,TESTRX User Manual,8,6 Project Navigator > 6.1 Navigator Panel Behaviour,section-6.1-element-001,section-6.1-element-001,section-6.1-element-001,section-6.1-element-001,section-6.1-element-001,Click the Test Case or Test Session tab to expand it; click the same tab again to collapse it.,,,answerable,True,False,False,False,True,False,False,
Q014,How does hovering over a navigator tab differ from clicking it?,multi-section,hard,"Hovering temporarily displays the navigator as an overlay, while clicking expands it into the left portion of the window until collapsed.",TESTRX User Manual,8,6 Project Navigator > 6.1 Navigator Panel Behaviour || 6 Project Navigator > 6.2 Hover and Overlay Behaviour,section-6.1-element-001|section-6.2-element-001,section-6.1-element-001|section-6.2-element-001,section-6.1-element-001,section-6.1-element-001|section-6.2-element-001,section-6.1-element-001|section-6.2-element-001,"Hovering temporarily displays the navigator as an overlay, while clicking expands it into the left portion of the window until collapsed.",,section-6.3-element-001,answerable,False,True,False,False,False,False,False,
Q015,What does pinning the Project Navigator do?,factual,easy,It locks the navigator in the expanded state until the user collapses or unpins it.,TESTRX User Manual,8,"6 Project Navigator > 6.3 Refresh, Pin and Close Controls",section-6.3-element-001,section-6.3-element-001,section-6.3-element-001,section-6.3-element-001,section-6.3-element-001,It locks the navigator in the expanded state until the user collapses or unpins it.,,,answerable,True,False,False,False,False,False,False,
Q016,What happens when a Project Navigator node is double-clicked?,factual,easy,A new tab opens in the right panel with details or the editor view for the selected node.,TESTRX User Manual,8,6 Project Navigator > 6.4 Node Interaction,section-6.4-element-001,section-6.4-element-001,section-6.4-element-001,section-6.4-element-001,section-6.4-element-001,A new tab opens in the right panel with details or the editor view for the selected node.,,,answerable,True,False,False,False,False,False,False,
Q017,Which File menu command saves pending changes in every open test-case tab?,table,easy,File > Save All.,TESTRX User Manual,9|10,7 Menu Bar > 7.1 Menu and Sub-Menu Description,table_1,table_1,table_1,table_1,table_1,File > Save All.,,section-7-element-001,answerable,True,False,False,True,False,False,False,
Q018,Which menu command exports a selected Test Suite or Test Case to Excel?,table,easy,File > Excel.,TESTRX User Manual,9|10,7 Menu Bar > 7.1 Menu and Sub-Menu Description,table_1,table_1,table_1,table_1,table_1,File > Excel.,,,answerable,True,False,False,True,False,False,False,
Q019,How do you open the folder associated with a selected node?,table,medium,Use View > Open Folder.,TESTRX User Manual,9|10,7 Menu Bar > 7.1 Menu and Sub-Menu Description,table_1,table_1,table_1,table_1,table_1,Use View > Open Folder.,,,answerable,True,False,False,True,False,False,False,
Q020,Which menu command opens the current workspace location?,table,medium,Use View > Open Workspace.,TESTRX User Manual,9|10,7 Menu Bar > 7.1 Menu and Sub-Menu Description,table_1,table_1,table_1,table_1,table_1,Use View > Open Workspace.,,,answerable,True,False,False,True,False,False,False,
Q021,Which File menu command sends a Test Suite or Test Case to ALM?,table,medium,Use File > Flush.,TESTRX User Manual,9|10,7 Menu Bar > 7.1 Menu and Sub-Menu Description,table_1,table_1,table_1,table_1,table_1,Use File > Flush.,,section-17.1.2-element-001,answerable,True,False,False,True,False,False,False,
Q022,Which Help menu functions are marked as future scope?,table,medium,"About, Download User Manual, Download FAQs, FAQ, and Support are marked as future scope.",TESTRX User Manual,9|10,7 Menu Bar > 7.1 Menu and Sub-Menu Description,table_1,table_1,table_1,table_1,table_1,"About, Download User Manual, Download FAQs, FAQ, and Support are marked as future scope.",,,answerable,True,False,False,True,False,False,False,
Q023,What is the hierarchy of content in the Test Case Repository?,figure,medium,"Projects contain Test Suites, and Test Suites contain one or more Test Cases.",TESTRX User Manual,10|11,8 Test Case Hierarchy,section-8-element-001,section-8-element-001|snp_3_p010|snp_3_p011,section-8-element-001,section-8-element-001,section-8-element-001|snp_3_p010|snp_3_p011,"Projects contain Test Suites, and Test Suites contain one or more Test Cases.",snp_3_p010|snp_3_p011,,answerable,True,False,False,False,False,False,False,
Q024,What must exist before test cases can be authored in TESTRX?,factual,medium,A project must first be created in the application.,TESTRX User Manual,11,9 Project Creation,section-9-element-001,section-9-element-001,section-9-element-001,section-9-element-001,section-9-element-001,A project must first be created in the application.,,,answerable,True,False,False,False,False,False,False,
Q025,How do you start creating a project from the File menu?,procedure,easy,"Open File, select New, and choose Project.",TESTRX User Manual,11,9 Project Creation,section-9-element-002|section-9-element-003,section-9-element-002|section-9-element-003,section-9-element-002,section-9-element-002|section-9-element-003,section-9-element-002|section-9-element-003,"Open File, select New, and choose Project.",,,answerable,False,True,False,False,True,False,False,
Q026,Which project context-menu option restores a closed test suite?,table,medium,Recover Test Suite.,TESTRX User Manual,12,9 Project Creation,table_2,table_2,table_2,table_2,table_2,Recover Test Suite.,,,answerable,True,False,False,True,False,False,False,
Q027,What information is shown for Test Suites and Test Cases in the Overview panel?,factual,medium,"The panel shows ID, Description, State, Created By, and Category.",TESTRX User Manual,12|13,9 Project Creation > 9.1 Overview and Details > 9.1.1 Overview Tab,section-9.1.1-element-003,section-9.1.1-element-003,section-9.1.1-element-003,section-9.1.1-element-003,section-9.1.1-element-003,"The panel shows ID, Description, State, Created By, and Category.",,,answerable,True,False,False,False,False,False,False,
Q028,"How do you view details for a Project, Test Suite, Test Case, or Heading?",table,easy,Double-click the item and select the Details tab.,TESTRX User Manual,13,9 Project Creation > 9.1 Overview and Details > 9.1.2 Details Tab,table_3,table_3,table_3,table_3,table_3,Double-click the item and select the Details tab.,,,answerable,True,False,False,True,False,False,False,
Q029,Which Details-tab fields identify when and by whom an item was changed?,factual,easy,Modified Date and Modified By.,TESTRX User Manual,13|14,9 Project Creation > 9.1 Overview and Details > 9.1.2 Details Tab,section-9.1.2-element-003,section-9.1.2-element-003,section-9.1.2-element-003,section-9.1.2-element-003,section-9.1.2-element-003,Modified Date and Modified By.,,,answerable,True,False,False,False,False,False,False,
Q030,What are the two ways to create a Test Suite?,procedure,medium,"Either right-click the project and select Add Test Suite, or select the project and use File > New > Suite.",TESTRX User Manual,14,10 Create Test Suite,section-10-element-001|section-10-element-002,section-10-element-001|section-10-element-002,section-10-element-001,section-10-element-001|section-10-element-002,section-10-element-001|section-10-element-002,"Either right-click the project and select Add Test Suite, or select the project and use File > New > Suite.",,,answerable,False,True,False,False,True,False,False,
Q031,What database file types can be added from the Signia sub-tab of a Test Suite?,configuration,medium,"A2L, DBC, and LDF files.",TESTRX User Manual,14|15,10 Create Test Suite > 10.1 Test Suite Sub Tabs,section-10.1-element-002,section-10.1-element-002,section-10.1-element-002,section-10.1-element-002,section-10.1-element-002,"A2L, DBC, and LDF files.",,section-12.4-element-002,answerable,True,False,False,False,False,False,False,
Q032,Which Test Suite sub-tab lists parameters used during test-case authoring?,factual,easy,The Parameters sub-tab.,TESTRX User Manual,14|15,10 Create Test Suite > 10.1 Test Suite Sub Tabs,section-10.1-element-002,section-10.1-element-002,section-10.1-element-002,section-10.1-element-002,section-10.1-element-002,The Parameters sub-tab.,,,answerable,True,False,False,False,False,False,False,
Q033,Which Test Suite context-menu action creates a ZIP file for reuse?,table,easy,Export Test Suite exports the selected Test Suite as a ZIP file.,TESTRX User Manual,15,10 Create Test Suite > 10.2 Test Suite Context Menu Options,table_4,table_4,table_4,table_4,table_4,Export Test Suite exports the selected Test Suite as a ZIP file.,,,answerable,True,False,False,True,False,False,False,
Q034,How can a Test Suite be opened from the Project Summary table?,procedure,medium,Double-click its entry in the Project Summary table; selection then moves to that Test Suite.,TESTRX User Manual,15|16,10 Create Test Suite > 10.3 Accessing a Test Suite from the Project Summary Table,section-10.3-element-001|section-10.3-element-003,section-10.3-element-001|section-10.3-element-003,section-10.3-element-001,section-10.3-element-001|section-10.3-element-003,section-10.3-element-001|section-10.3-element-003,Double-click its entry in the Project Summary table; selection then moves to that Test Suite.,,,answerable,False,True,False,False,True,False,False,
Q035,What are the upper and lower panels of the Signia tab used for?,configuration,medium,The upper panel lists imported database files; the lower panel shows details and signals for the selected file.,TESTRX User Manual,17,11 Signia,section-11-element-001,section-11-element-001,section-11-element-001,section-11-element-001,section-11-element-001,The upper panel lists imported database files; the lower panel shows details and signals for the selected file.,,,answerable,True,False,False,False,False,False,False,
Q036,Which signal attributes are shown in the Signia Signals sub-tab?,factual,easy,"Label name, data type, conversion, and minimum and maximum values.",TESTRX User Manual,17,11 Signia,section-11-element-001,section-11-element-001,section-11-element-001,section-11-element-001,section-11-element-001,"Label name, data type, conversion, and minimum and maximum values.",,,answerable,True,False,False,False,False,False,False,
Q037,How do you import a database file into Signia?,procedure,medium,"Click Add in the upper panel, select A2L, DBC, or LDF, browse to the file in Details, and click Save.",TESTRX User Manual,17|18,11 Signia > 11.1 Adding Database,section-11.1-element-001|section-11.1-element-003,section-11.1-element-001|section-11.1-element-003,section-11.1-element-001,section-11.1-element-001|section-11.1-element-003,section-11.1-element-001|section-11.1-element-003,"Click Add in the upper panel, select A2L, DBC, or LDF, browse to the file in Details, and click Save.",,,answerable,False,True,False,False,True,False,False,
Q038,What does Reload do to an existing Signia database?,configuration,easy,It re-imports a selected new or modified database file and refreshes its data with the latest content.,TESTRX User Manual,18,11 Signia > 11.1 Adding Database,section-11.1-element-003,section-11.1-element-003,section-11.1-element-003,section-11.1-element-003,section-11.1-element-003,It re-imports a selected new or modified database file and refreshes its data with the latest content.,,,answerable,True,False,False,False,False,False,False,
Q039,How do Delete and Force Delete differ for a Signia database?,comparison,medium,Delete checks dependencies and blocks removal when active Test Cases reference the file; Force Delete bypasses that validation and removes the application reference immediately.,TESTRX User Manual,19,11 Signia > 11.2 Delete and Force Delete – Database File,section-11.2-element-001,section-11.2-element-001,section-11.2-element-001,section-11.2-element-001,section-11.2-element-001,Delete checks dependencies and blocks removal when active Test Cases reference the file; Force Delete bypasses that validation and removes the application reference immediately.,,,answerable,True,False,False,False,False,False,False,
Q040,Does deleting a database from Signia delete the original system file?,factual,medium,No. It removes only the reference in TESTRX; the original file remains unchanged.,TESTRX User Manual,19,11 Signia > 11.2 Delete and Force Delete – Database File,section-11.2-element-001,section-11.2-element-001,section-11.2-element-001,section-11.2-element-001,section-11.2-element-001,No. It removes only the reference in TESTRX; the original file remains unchanged.,,,answerable,True,False,False,False,False,False,False,
Q041,What happens if the same database is pasted back into the same Test Suite?,troubleshooting,medium,TESTRX displays an error indicating that the file already exists.,TESTRX User Manual,19,11 Signia > 11.3 Copy and Paste – Database File,section-11.3-element-001,section-11.3-element-001,section-11.3-element-001,section-11.3-element-001,section-11.3-element-001,TESTRX displays an error indicating that the file already exists.,,,answerable,True,False,False,False,False,False,False,
Q042,What happens if an invalid database file is selected during Signia import?,troubleshooting,easy,The system displays an error message.,TESTRX User Manual,19,11 Signia > 11.4 Import and Export – Database File,section-11.4-element-001,section-11.4-element-001,section-11.4-element-001,section-11.4-element-001,section-11.4-element-001,The system displays an error message.,,,answerable,True,False,False,False,False,False,False,
Q043,What happens if exporting a Signia database fails?,troubleshooting,easy,An error popup is displayed.,TESTRX User Manual,19,11 Signia > 11.4 Import and Export – Database File,section-11.4-element-001,section-11.4-element-001,section-11.4-element-001,section-11.4-element-001,section-11.4-element-001,An error popup is displayed.,,,answerable,True,False,False,False,False,False,False,
Q044,What syntax is used to substitute a parameter in a Test Case?,configuration,medium,Use double braces in the form {{parameter_name}}.,TESTRX User Manual,20,12 Parameters,section-12-element-001,section-12-element-001,section-12-element-001,section-12-element-001,section-12-element-001,Use double braces in the form {{parameter_name}}.,,,answerable,True,False,False,False,False,False,False,
Q045,Where can parameters be created?,multi-section,hard,"They can be created from the Parameters tab at Test Suite or Test Case level, or directly in the Editor.",TESTRX User Manual,20,12 Parameters > 12.1 Creating Parameters,section-12.1-element-001,section-12.1-element-001,section-12.1-element-001,section-12.1-element-001,section-12.1-element-001,"They can be created from the Parameters tab at Test Suite or Test Case level, or directly in the Editor.",,,answerable,True,False,False,False,False,False,False,
Q046,What name does TESTRX initially assign to a parameter created from the Parameters tab?,factual,easy,"It assigns a sequential default such as Parameter001, Parameter002, and so on.",TESTRX User Manual,20,12 Parameters > 12.1 Creating Parameters,section-12.1-element-001,section-12.1-element-001,section-12.1-element-001,section-12.1-element-001,section-12.1-element-001,"It assigns a sequential default such as Parameter001, Parameter002, and so on.",,,answerable,True,False,False,False,False,False,False,
Q047,How are newly created parameters saved?,procedure,easy,Use Save on the Menu Bar or press Ctrl+S.,TESTRX User Manual,20,12 Parameters > 12.1 Creating Parameters,section-12.1-element-001,section-12.1-element-001,section-12.1-element-001,section-12.1-element-001,section-12.1-element-001,Use Save on the Menu Bar or press Ctrl+S.,,,answerable,True,False,False,False,True,False,False,
Q048,How do Test Suite and Test Case parameters differ in scope and precedence?,comparison,medium,Test Suite parameters are global across their suite and provide defaults; Test Case parameters are local and override same-named suite parameters.,TESTRX User Manual,21,12 Parameters > 12.2 Parameter Types and Scope > 12.2.1 Test Suite–Level Parameters || 12 Parameters > 12.2 Parameter Types and Scope > 12.2.2 Test Case–Level Parameters,section-12.2.1-element-001|section-12.2.2-element-001,section-12.2.1-element-001|section-12.2.2-element-001,section-12.2.1-element-001,section-12.2.1-element-001|section-12.2.2-element-001,section-12.2.1-element-001|section-12.2.2-element-001,Test Suite parameters are global across their suite and provide defaults; Test Case parameters are local and override same-named suite parameters.,,section-12.2.3-element-001,answerable,False,True,False,False,False,False,False,
Q049,When do parameters entered in the editor appear in the parameter table?,factual,easy,They appear automatically once the user confirms the input.,TESTRX User Manual,21,12 Parameters > 12.2 Parameter Types and Scope > 12.2.3 User-Defined Parameters,section-12.2.3-element-001,section-12.2.3-element-001,section-12.2.3-element-001,section-12.2.3-element-001,section-12.2.3-element-001,They appear automatically once the user confirms the input.,,,answerable,True,False,False,False,False,False,False,
Q050,Can multiple parameters be entered in one editor cell?,factual,medium,Yes. Multiple parameters may be entered within a single editor cell.,TESTRX User Manual,21,12 Parameters > 12.2 Parameter Types and Scope > 12.2.3 User-Defined Parameters,section-12.2.3-element-001,section-12.2.3-element-001,section-12.2.3-element-001,section-12.2.3-element-001,section-12.2.3-element-001,Yes. Multiple parameters may be entered within a single editor cell.,,,answerable,True,False,False,False,False,False,False,
Q051,What characters may a valid parameter name contain?,configuration,easy,"It must start with a letter and may contain only letters, digits, and underscores.",TESTRX User Manual,21|22,12 Parameters > 12.3 Parameter Naming Rules,section-12.3-element-002,section-12.3-element-002,section-12.3-element-002,section-12.3-element-002,section-12.3-element-002,"It must start with a letter and may contain only letters, digits, and underscores.",,,answerable,True,False,False,False,False,False,False,
Q052,Which underscore patterns are invalid in a parameter name?,configuration,medium,A name may not begin or end with an underscore and may not contain consecutive underscores.,TESTRX User Manual,21|22,12 Parameters > 12.3 Parameter Naming Rules,section-12.3-element-002,section-12.3-element-002,section-12.3-element-002,section-12.3-element-002,section-12.3-element-002,A name may not begin or end with an underscore and may not contain consecutive underscores.,,,answerable,True,False,False,False,False,False,False,
Q053,Is abc a valid parameter name?,configuration,medium,No. Parameter names must be longer than three characters.,TESTRX User Manual,21|22,12 Parameters > 12.3 Parameter Naming Rules,section-12.3-element-002,section-12.3-element-002,section-12.3-element-002,section-12.3-element-002,section-12.3-element-002,No. Parameter names must be longer than three characters.,,,answerable,True,False,False,False,False,False,False,
Q054,What does the Set In field of the parameter table indicate?,factual,easy,It indicates whether the parameter belongs to the Test Suite or the Test Case.,TESTRX User Manual,22,12 Parameters > 12.4 Parameter Table Structure,section-12.4-element-002,section-12.4-element-002,section-12.4-element-002,section-12.4-element-002,section-12.4-element-002,It indicates whether the parameter belongs to the Test Suite or the Test Case.,,,answerable,True,False,False,False,False,False,False,
Q055,What inputs are accepted in a parameter's Value field?,configuration,easy,A single numeric value or a comma-separated list of numeric values.,TESTRX User Manual,22,12 Parameters > 12.5 Parameter Value Rules > 12.5.1 Value Field,section-12.5.1-element-001|section-12.5.1-element-002,section-12.5.1-element-001|section-12.5.1-element-002,section-12.5.1-element-001,section-12.5.1-element-001|section-12.5.1-element-002,section-12.5.1-element-001|section-12.5.1-element-002,A single numeric value or a comma-separated list of numeric values.,,,answerable,False,True,False,False,False,False,False,
Q056,"Why is 1,,2 invalid in a parameter Value field?",troubleshooting,hard,"It contains consecutive commas; values must be numeric, unique, comma-separated, and have no trailing or consecutive commas.",TESTRX User Manual,22,12 Parameters > 12.5 Parameter Value Rules > 12.5.1 Value Field,section-12.5.1-element-003-labelled|section-12.5.1-element-005-labelled,section-12.5.1-element-003-labelled|section-12.5.1-element-005-labelled,section-12.5.1-element-003-labelled,section-12.5.1-element-003-labelled|section-12.5.1-element-005-labelled,section-12.5.1-element-003-labelled|section-12.5.1-element-005-labelled,"It contains consecutive commas; values must be numeric, unique, comma-separated, and have no trailing or consecutive commas.",,section-12.5.1-element-006-labelled,answerable,False,True,False,False,False,False,False,
Q057,What happens when a valid new Current Value is typed manually?,configuration,easy,The value is automatically added to the predefined Value list.,TESTRX User Manual,23,12 Parameters > 12.5 Parameter Value Rules > 12.5.2 Current Value Field,section-12.5.2-element-001|section-12.5.2-element-002|section-12.5.2-element-004,section-12.5.2-element-001|section-12.5.2-element-002|section-12.5.2-element-004,section-12.5.2-element-001,section-12.5.2-element-001|section-12.5.2-element-002|section-12.5.2-element-004,section-12.5.2-element-001|section-12.5.2-element-002|section-12.5.2-element-004,The value is automatically added to the predefined Value list.,,,answerable,False,True,False,False,False,False,False,
Q058,How are Value Description and Units handled when switching Current Values?,configuration,medium,"They are preserved and reloaded for the selected value, and edits apply only to that selected value.",TESTRX User Manual,23,12 Parameters > 12.5 Parameter Value Rules > 12.5.2 Current Value Field,section-12.5.2-element-004,section-12.5.2-element-004,section-12.5.2-element-004,section-12.5.2-element-004,section-12.5.2-element-004,"They are preserved and reloaded for the selected value, and edits apply only to that selected value.",,,answerable,True,False,False,False,False,False,False,
Q059,At which level can a parameter be renamed?,configuration,medium,Only at the Test Suite level.,TESTRX User Manual,23,12 Parameters > 12.6 Renaming Parameter,section-12.6-element-001,section-12.6-element-001,section-12.6-element-001,section-12.6-element-001,section-12.6-element-001,Only at the Test Suite level.,,,answerable,True,False,False,False,False,False,False,
Q060,What choices are offered when renaming a parameter that is already used in Test Cases?,procedure,medium,"Choose Continue to rename old_param to new_param, or Create New to add the new name as a separate parameter; naming rules are revalidated.",TESTRX User Manual,23,12 Parameters > 12.6 Renaming Parameter,section-12.6-element-001|section-12.6-element-002-labelled,section-12.6-element-001|section-12.6-element-002-labelled,section-12.6-element-001,section-12.6-element-001|section-12.6-element-002-labelled,section-12.6-element-001|section-12.6-element-002-labelled,"Choose Continue to rename old_param to new_param, or Create New to add the new name as a separate parameter; naming rules are revalidated.",,,answerable,False,True,False,False,True,False,False,
Q061,How is a parameter removed?,procedure,easy,"Right-click its row, choose Remove Parameter, and confirm the deletion popup.",TESTRX User Manual,23,12 Parameters > 12.7 Removing Parameters,section-12.7-element-001,section-12.7-element-001,section-12.7-element-001,section-12.7-element-001,section-12.7-element-001,"Right-click its row, choose Remove Parameter, and confirm the deletion popup.",,,answerable,True,False,False,False,True,False,False,
Q062,"Where is the Labels tab available, and what does it collect?",definition,medium,It is available only at Test Suite level and consolidates labels referenced by Test Cases in the current suite.,TESTRX User Manual,24,13 Labels,section-13-element-001,section-13-element-001,section-13-element-001,section-13-element-001,section-13-element-001,It is available only at Test Suite level and consolidates labels referenced by Test Cases in the current suite.,,,answerable,True,False,False,False,False,False,False,
Q063,When does a label created in the Test Case editor appear in the Labels tab?,factual,easy,After the user saves the changes.,TESTRX User Manual,24,13 Labels > 13.1 Label Availability and Creation,section-13.1-element-001,section-13.1-element-001,section-13.1-element-001,section-13.1-element-001,section-13.1-element-001,After the user saves the changes.,,,answerable,True,False,False,False,False,False,False,
Q064,Are saved labels restricted to the Test Suite where they were created?,factual,easy,No. Saved labels become globally accessible across all Test Suites.,TESTRX User Manual,24,13 Labels > 13.1 Label Availability and Creation,section-13.1-element-001,section-13.1-element-001,section-13.1-element-001,section-13.1-element-001,section-13.1-element-001,No. Saved labels become globally accessible across all Test Suites.,,,answerable,True,False,False,False,False,False,False,
Q065,Which Labels-tab field can the user edit?,factual,easy,Only the Name field.,TESTRX User Manual,24|25,13 Labels > 13.2 Labels Tab Columns,section-13.2-element-002,section-13.2-element-002,section-13.2-element-002,section-13.2-element-002,section-13.2-element-002,Only the Name field.,,,answerable,True,False,False,False,False,False,False,
Q066,"Where do a label's Factor, Offset, Units, minimum, maximum, and data type come from?",configuration,medium,"They are system-derived from metadata in the associated A2L, DBC, or LDF database file.",TESTRX User Manual,24|25,13 Labels > 13.2 Labels Tab Columns,section-13.2-element-002,section-13.2-element-002,section-13.2-element-002,section-13.2-element-002,section-13.2-element-002,"They are system-derived from metadata in the associated A2L, DBC, or LDF database file.",,section-12.4-element-002,answerable,True,False,False,False,False,False,False,
Q067,Why might TESTRX refuse to remove a label?,troubleshooting,easy,Removal is blocked when the label is referenced in one or more Test Cases.,TESTRX User Manual,25,13 Labels > 13.3 Label Management Options > 13.3.1 Remove Label,section-13.3.1-element-001,section-13.3.1-element-001,section-13.3.1-element-001,section-13.3.1-element-001,section-13.3.1-element-001,Removal is blocked when the label is referenced in one or more Test Cases.,,,answerable,True,False,False,False,False,False,False,
Q068,What happens if a label is renamed to a name that already exists?,procedure,medium,"TESTRX asks whether to merge; Yes merges reference data into the existing label, while Cancel aborts the rename.",TESTRX User Manual,25,13 Labels > 13.3 Label Management Options > 13.3.2 Renaming Labels,section-13.3.2-element-001|section-13.3.2-element-002,section-13.3.2-element-001|section-13.3.2-element-002,section-13.3.2-element-001,section-13.3.2-element-001|section-13.3.2-element-002,section-13.3.2-element-001|section-13.3.2-element-002,"TESTRX asks whether to merge; Yes merges reference data into the existing label, while Cancel aborts the rename.",,,answerable,False,True,False,False,True,False,False,
Q069,What does a pink label row indicate?,troubleshooting,medium,"The label has an invalid or missing source reference, such as after Signia deletion or reload or a copy into a suite without the required Signia file.",TESTRX User Manual,25|26,13 Labels > 13.4 Visual Indicators for Label Validity,section-13.4-element-001,section-13.4-element-001,section-13.4-element-001,section-13.4-element-001,section-13.4-element-001,"The label has an invalid or missing source reference, such as after Signia deletion or reload or a copy into a suite without the required Signia file.",,,answerable,True,False,False,False,False,False,False,
Q070,Which copy operations can cause label rows to turn pink?,troubleshooting,easy,Copying a Test Case or a step into a context without the corresponding Signia file.,TESTRX User Manual,25|26,13 Labels > 13.4 Visual Indicators for Label Validity,section-13.4-element-001,section-13.4-element-001,section-13.4-element-001,section-13.4-element-001,section-13.4-element-001,Copying a Test Case or a step into a context without the corresponding Signia file.,,,answerable,True,False,False,False,False,False,False,
Q071,What are the two ways to create a Test Case or Heading?,procedure,hard,"Use the context menu on a Test Suite or Test Case and choose Add Test Case/Add Heading, or use the New menu and select Test Case or Heading.",TESTRX User Manual,26,14 Create Test Case,section-14-element-001|section-14-element-002|section-14-element-003|section-14-element-004|section-14-element-005,section-14-element-001|section-14-element-002|section-14-element-003|section-14-element-004|section-14-element-005,section-14-element-001,section-14-element-001|section-14-element-002|section-14-element-003|section-14-element-004|section-14-element-005,section-14-element-001|section-14-element-002|section-14-element-003|section-14-element-004|section-14-element-005,"Use the context menu on a Test Suite or Test Case and choose Add Test Case/Add Heading, or use the New menu and select Test Case or Heading.",,,answerable,False,True,False,False,True,False,False,The parser split the two printed creation steps across procedure and paragraph elements; the complete source set is required.
Q072,What default names are assigned to new Test Cases and Headings?,factual,easy,"Test Cases use TestCase001, TestCase002, and so on; Headings use Heading001, Heading002, and so on.",TESTRX User Manual,26,14 Create Test Case,section-14-element-006,section-14-element-006,section-14-element-006,section-14-element-006,section-14-element-006,"Test Cases use TestCase001, TestCase002, and so on; Headings use Heading001, Heading002, and so on.",,,answerable,True,False,False,False,False,False,False,
Q073,What are the main naming restrictions for a Test Case?,configuration,medium,"The name cannot be empty or longer than 150 characters, cannot start with a special character, cannot contain listed invalid characters or restricted reserved terms, and has leading/trailing spaces trimmed.",TESTRX User Manual,27,14 Create Test Case > 14.1 Naming Rules,section-14.1-element-001,section-14.1-element-001,section-14.1-element-001,section-14.1-element-001,section-14.1-element-001,"The name cannot be empty or longer than 150 characters, cannot start with a special character, cannot contain listed invalid characters or restricted reserved terms, and has leading/trailing spaces trimmed.",,,answerable,True,False,False,False,False,False,False,
Q074,Which Test Case context-menu action exports a test case as a ZIP file?,table,easy,Export Test Case.,TESTRX User Manual,27,14 Create Test Case > 14.2 Test Case Context Options,table_5,table_5,table_5,table_5,table_5,Export Test Case.,,,answerable,True,False,False,True,False,False,False,
Q075,What is the difference between Clear Step(s) and Remove Step(s)?,comparison,medium,Clear Step(s) erases selected step content without deleting the steps; Remove Step(s) deletes the selected steps.,TESTRX User Manual,29,14 Create Test Case > 14.4 Test Step Context Menu,table_6,table_6,table_6,table_6,table_6,Clear Step(s) erases selected step content without deleting the steps; Remove Step(s) deletes the selected steps.,,,answerable,True,False,False,True,False,False,False,
Q076,How do you open the test-step context menu?,procedure,easy,Right-click the S.no column in the Sequence tab.,TESTRX User Manual,29,14 Create Test Case > 14.4 Test Step Context Menu,section-14.4-element-001,section-14.4-element-001,section-14.4-element-001,section-14.4-element-001,section-14.4-element-001,Right-click the S.no column in the Sequence tab.,,,answerable,True,False,False,False,True,False,False,
Q077,"What are the Setup, Sequence, and Shut Down sections used for?",configuration,medium,"Setup holds automated preconditions and initialization, Sequence holds core actions and validations, and Shut Down holds cleanup and post-execution validation.",TESTRX User Manual,28|29,14 Create Test Case > 14.3 Test Case Editor – Sequence Tab,section-14.3-element-003,section-14.3-element-003,section-14.3-element-003,section-14.3-element-003,section-14.3-element-003,"Setup holds automated preconditions and initialization, Sequence holds core actions and validations, and Shut Down holds cleanup and post-execution validation.",,,answerable,True,False,False,False,False,False,False,
Q078,"Which Sequence-tab column identifies the signal, variable, or parameter targeted by a step?",factual,easy,Identifier.,TESTRX User Manual,28|29,14 Create Test Case > 14.3 Test Case Editor – Sequence Tab,section-14.3-element-003,section-14.3-element-003,section-14.3-element-003,section-14.3-element-003,section-14.3-element-003,Identifier.,,section-14.6-element-001,answerable,True,False,False,False,False,False,False,
Q079,Which instruction keyword waits for a duration at a test step?,table,easy,Wait.,TESTRX User Manual,29|30,14 Create Test Case > 14.5 Key-Words for Test-Case(s) Authoring,table_7,table_7,table_7,table_7,table_7,Wait.,,,answerable,True,False,False,True,False,False,False,
Q080,Which instruction keyword runs another test case?,table,easy,Run.,TESTRX User Manual,29|30,14 Create Test Case > 14.5 Key-Words for Test-Case(s) Authoring,table_7,table_7,table_7,table_7,table_7,Run.,,,answerable,True,False,False,True,False,False,False,
Q081,Which Entity Type exposes signals from a DBC file?,table,easy,CAN Signal.,TESTRX User Manual,30,14 Create Test Case > 14.5 Key-Words for Test-Case(s) Authoring,table_8,table_8,table_8,table_8,table_8,CAN Signal.,,,answerable,True,False,False,True,False,False,False,
Q082,Which Entity Types expose measurements from an A2L file?,table,medium,ECU Input and ECU Output.,TESTRX User Manual,30,14 Create Test Case > 14.5 Key-Words for Test-Case(s) Authoring,table_8,table_8,table_8,table_8,table_8,ECU Input and ECU Output.,,,answerable,True,False,False,True,False,False,False,
Q083,How is the Identifier suggestion list determined?,configuration,medium,"It is filtered by Entity Type and can include signals from linked DBC, A2L, and LDF files, parameters, previously used values, and user-defined data.",TESTRX User Manual,30|31,14 Create Test Case > 14.6 Identifier,section-14.6-element-001,section-14.6-element-001,section-14.6-element-001,section-14.6-element-001,section-14.6-element-001,"It is filtered by Entity Type and can include signals from linked DBC, A2L, and LDF files, parameters, previously used values, and user-defined data.",,,answerable,True,False,False,False,False,False,False,
Q084,What does Clear do in the Control Logic window?,factual,easy,It clears only updated or modified control-logic values and restores the previously saved configuration.,TESTRX User Manual,31,14 Create Test Case > 14.7 Control Logic,section-14.7-element-001,section-14.7-element-001,section-14.7-element-001,section-14.7-element-001,section-14.7-element-001,It clears only updated or modified control-logic values and restores the previously saved configuration.,,,answerable,True,False,False,False,False,False,False,
Q085,How does the Value control logic evaluate a test step?,configuration,medium,"The user selects a data type, expected value and comparison operator, optionally with tolerance and units; TESTRX compares the runtime value automatically.",TESTRX User Manual,31,14 Create Test Case > 14.7 Control Logic > 14.7.1 Value,section-14.7.1-element-001,section-14.7.1-element-001,section-14.7.1-element-001,section-14.7.1-element-001,section-14.7.1-element-001,"The user selects a data type, expected value and comparison operator, optionally with tolerance and units; TESTRX compares the runtime value automatically.",,,answerable,True,False,False,False,False,False,False,
Q086,How can a step depend on the verdict of an earlier step?,configuration,medium,Use Reference Step to select a previous step and the required verdict; the current step runs or validates only when that verdict is met.,TESTRX User Manual,32,14 Create Test Case > 14.7 Control Logic > 14.7.2 Reference Step,section-14.7.2-element-001,section-14.7.2-element-001,section-14.7.2-element-001,section-14.7.2-element-001,section-14.7.2-element-001,Use Reference Step to select a previous step and the required verdict; the current step runs or validates only when that verdict is met.,,,answerable,True,False,False,False,False,False,False,
Q087,What are the four Time Constraint modes?,factual,easy,"After, Before, In Range, and Entire Range.",TESTRX User Manual,32|33|34|35,14 Create Test Case > 14.7 Control Logic > 14.7.3 Time Constraint,section-14.7.3-element-001,section-14.7.3-element-001,section-14.7.3-element-001,section-14.7.3-element-001,section-14.7.3-element-001,"After, Before, In Range, and Entire Range.",,,answerable,True,False,False,False,False,False,False,
Q088,"With an Entire Range of 5-10 seconds and early/late tolerance of 1 second, when is the condition accepted?",factual,medium,It is accepted from 4 through 11 seconds.,TESTRX User Manual,32|33|34|35,14 Create Test Case > 14.7 Control Logic > 14.7.3 Time Constraint,section-14.7.3-element-001,section-14.7.3-element-001|snp_17_p035,section-14.7.3-element-001,section-14.7.3-element-001,section-14.7.3-element-001|snp_17_p035,It is accepted from 4 through 11 seconds.,snp_17_p035,,answerable,True,False,False,False,False,False,False,
Q089,How does In Range differ from Entire Range?,comparison,hard,"In Range requires an occurrence within the acceptable interval, with optional early/late tolerance; Entire Range applies the condition across the whole configured time range, also allowing configured tolerance at its boundaries.",TESTRX User Manual,32|33|34|35,14 Create Test Case > 14.7 Control Logic > 14.7.3 Time Constraint,section-14.7.3-element-001,section-14.7.3-element-001,section-14.7.3-element-001,section-14.7.3-element-001,section-14.7.3-element-001,"In Range requires an occurrence within the acceptable interval, with optional early/late tolerance; Entire Range applies the condition across the whole configured time range, also allowing configured tolerance at its boundaries.",,,answerable,True,False,False,False,False,False,False,The source wording is awkward; retain for manual review if strict semantic interpretation of Entire Range is required.
Q090,When is Range of Steps control logic available?,configuration,medium,It is available for the When action and also for Repeat.,TESTRX User Manual,36,14 Create Test Case > 14.7 Control Logic > 14.7.4 Range of Steps,section-14.7.4-element-001|section-14.7.4-element-003,section-14.7.4-element-001|section-14.7.4-element-003,section-14.7.4-element-001,section-14.7.4-element-001|section-14.7.4-element-003,section-14.7.4-element-001|section-14.7.4-element-003,It is available for the When action and also for Repeat.,,,answerable,False,True,False,False,False,False,False,
Q091,What limits can control a Repeat over a range of steps?,configuration,medium,"A continuation Condition, a maximum Count, and a maximum Duration can control repetition.",TESTRX User Manual,36,14 Create Test Case > 14.7 Control Logic > 14.7.4 Range of Steps,section-14.7.4-element-003,section-14.7.4-element-003,section-14.7.4-element-003,section-14.7.4-element-003,section-14.7.4-element-003,"A continuation Condition, a maximum Count, and a maximum Duration can control repetition.",,,answerable,True,False,False,False,False,False,False,
Q092,What are the four stages of the TESTRX execution workflow?,procedure,hard,"Link test cases to a Test Session, configure the Test Bench Configuration, define and configure a Test Plan, and execute the configured test cases.",TESTRX User Manual,38,16 Test Case Execution Workflow,section-16-element-001|section-16-element-002,section-16-element-001|section-16-element-002,section-16-element-001,section-16-element-001|section-16-element-002,section-16-element-001|section-16-element-002,"Link test cases to a Test Session, configure the Test Bench Configuration, define and configure a Test Plan, and execute the configured test cases.",,,answerable,False,True,False,False,True,False,False,
Q093,How do you view test steps from a Test Session or Test Plan?,procedure,easy,Click the ID column for the relevant test case.,TESTRX User Manual,38,16 Test Case Execution Workflow > 16.1 Link Test Cases with a Test Session,section-16.1-element-001,section-16.1-element-001,section-16.1-element-001,section-16.1-element-001,section-16.1-element-001,Click the ID column for the relevant test case.,,,answerable,True,False,False,False,True,False,False,
Q094,How can a Test Session be created after adding a project?,procedure,medium,"Right-click the project and choose Add Test Session, or choose Test Session from the File menu's New option.",TESTRX User Manual,39,16 Test Case Execution Workflow > 16.1 Link Test Cases with a Test Session > 16.1.1 Select a Project and Create a Test Session,section-16.1.1-element-001,section-16.1.1-element-001,section-16.1.1-element-001,section-16.1.1-element-001,section-16.1.1-element-001,"Right-click the project and choose Add Test Session, or choose Test Session from the File menu's New option.",,,answerable,True,False,False,False,True,False,False,
Q095,How are test cases added from a linked Test Suite into a Test Session?,procedure,hard,"Link the Test Suite, expand it in the Test Cases panel, and drag the required test cases into the Test Session.",TESTRX User Manual,40,16 Test Case Execution Workflow > 16.1 Link Test Cases with a Test Session > 16.1.2 Link Test Suites and Add Test Cases,section-16.1.2-element-001|section-16.1.2-element-003,section-16.1.2-element-001|section-16.1.2-element-003,section-16.1.2-element-001,section-16.1.2-element-001|section-16.1.2-element-003,section-16.1.2-element-001|section-16.1.2-element-003,"Link the Test Suite, expand it in the Test Cases panel, and drag the required test cases into the Test Session.",,,answerable,False,True,False,False,True,False,False,
Q096,What happens when a collapsed nested test case is dragged into a Test Session?,factual,easy,All child test cases are included automatically.,TESTRX User Manual,40,16 Test Case Execution Workflow > 16.1 Link Test Cases with a Test Session > 16.1.2 Link Test Suites and Add Test Cases,section-16.1.2-element-003,section-16.1.2-element-003,section-16.1.2-element-003,section-16.1.2-element-003,section-16.1.2-element-003,All child test cases are included automatically.,,,answerable,True,False,False,False,False,False,False,
Q097,How are linked test cases synchronized after edits in the Test Case tab?,procedure,easy,Use Reload in the Test Cases panel or from the right-click menu in the Test Session table.,TESTRX User Manual,41,16 Test Case Execution Workflow > 16.1 Link Test Cases with a Test Session > 16.1.3 Synchronize and Manage Test Cases,section-16.1.3-element-001,section-16.1.3-element-001,section-16.1.3-element-001,section-16.1.3-element-001,section-16.1.3-element-001,Use Reload in the Test Cases panel or from the right-click menu in the Test Session table.,,,answerable,True,False,False,False,True,False,False,
Q098,Why is Test Bench Configuration required before execution?,definition,easy,"It supplies the details needed to initialize, control, and manage the designated hardware and simulation environments.",TESTRX User Manual,42,16 Test Case Execution Workflow > 16.2 Test Bench Configuration Setup,section-16.2-element-001,section-16.2-element-001,section-16.2-element-001,section-16.2-element-001,section-16.2-element-001,"It supplies the details needed to initialize, control, and manage the designated hardware and simulation environments.",,,answerable,True,False,False,False,False,False,False,
Q099,What is the complete procedure for adding Test Bench Configuration details?,procedure,hard,"Open Configurator in the required Test Session, select its Configurator folder, add a TBC, choose the report path, then add the required interface.",TESTRX User Manual,42,16 Test Case Execution Workflow > 16.2 Test Bench Configuration Setup > 16.2.1 Procedure to Add Configuration Details,section-16.2.1-element-001,section-16.2.1-element-001,section-16.2.1-element-001,section-16.2.1-element-001,section-16.2.1-element-001,"Open Configurator in the required Test Session, select its Configurator folder, add a TBC, choose the report path, then add the required interface.",,,answerable,True,False,False,False,True,False,False,The complete five-step procedure is the answer-bearing unit.
Q100,Which TBC component controls power settings and power cycling?,table,easy,PowerSupply.,TESTRX User Manual,42,16 Test Case Execution Workflow > 16.2 Test Bench Configuration Setup > 16.2.1 Procedure to Add Configuration Details,table_9,table_9,table_9,table_9,table_9,PowerSupply.,,,answerable,True,False,False,True,False,False,False,
Q101,Which TBC component provides a virtual environment for automated execution?,table,easy,VTE.,TESTRX User Manual,42,16 Test Case Execution Workflow > 16.2 Test Bench Configuration Setup > 16.2.1 Procedure to Add Configuration Details,table_9,table_9,table_9,table_9,table_9,VTE.,,,answerable,True,False,False,True,False,False,False,
Q102,Which CANoe settings can be configured in TBC?,configuration,medium,"Configuration path, logging format, reload and restart toggles, XIL or COM mode, and DBC association through Signia.",TESTRX User Manual,43,16 Test Case Execution Workflow > 16.2 Test Bench Configuration Setup > 16.2.2 Supported Interfaces and Configuration Parameters,section-16.2.2-local-group-01,section-16.2.2-local-group-01,section-16.2.2-local-group-01,section-16.2.2-local-group-01,section-16.2.2-local-group-01,"Configuration path, logging format, reload and restart toggles, XIL or COM mode, and DBC association through Signia.",,,answerable,True,False,False,False,False,False,False,
Q103,What connection types are available for Power Supply configuration?,configuration,easy,PyVISA or COM.,TESTRX User Manual,43|44,16 Test Case Execution Workflow > 16.2 Test Bench Configuration Setup > 16.2.2 Supported Interfaces and Configuration Parameters,section-16.2.2-local-group-02,section-16.2.2-local-group-02,section-16.2.2-local-group-02,section-16.2.2-local-group-02,section-16.2.2-local-group-02,PyVISA or COM.,,section-16.2.2-local-group-01,answerable,True,False,False,False,False,False,False,
Q104,Which SDT options control disconnection and data upload?,configuration,easy,Disconnect after each step and upload data after each session can each be enabled or disabled.,TESTRX User Manual,44,16 Test Case Execution Workflow > 16.2 Test Bench Configuration Setup > 16.2.2 Supported Interfaces and Configuration Parameters,section-16.2.2-local-group-03,section-16.2.2-local-group-03,section-16.2.2-local-group-03,section-16.2.2-local-group-03,section-16.2.2-local-group-03,Disconnect after each step and upload data after each session can each be enabled or disabled.,,,answerable,True,False,False,False,False,False,False,
Q105,What information is required for FPGA execution configuration?,configuration,medium,"An executable file, project name, number of packs, pack IDs, and optional CSV association through Signia.",TESTRX User Manual,45,16 Test Case Execution Workflow > 16.2 Test Bench Configuration Setup > 16.2.2 Supported Interfaces and Configuration Parameters,section-16.2.2-local-group-04,section-16.2.2-local-group-04,section-16.2.2-local-group-04,section-16.2.2-local-group-04,section-16.2.2-local-group-04,"An executable file, project name, number of packs, pack IDs, and optional CSV association through Signia.",,,answerable,True,False,False,False,False,False,False,
Q106,How do VTE and FPGA configuration differ?,multi-section,hard,"Both select an executable and project information, but FPGA adds pack counts/IDs and CSV association, while VTE adds a file path and VTE database import/management through Signia.",TESTRX User Manual,45|46,16 Test Case Execution Workflow > 16.2 Test Bench Configuration Setup > 16.2.2 Supported Interfaces and Configuration Parameters,section-16.2.2-local-group-04|section-16.2.2-local-group-05,section-16.2.2-local-group-04|section-16.2.2-local-group-05,section-16.2.2-local-group-04,section-16.2.2-local-group-04|section-16.2.2-local-group-05,section-16.2.2-local-group-04|section-16.2.2-local-group-05,"Both select an executable and project information, but FPGA adds pack counts/IDs and CSV association, while VTE adds a file path and VTE database import/management through Signia.",,section-16.2.2-local-group-01,answerable,False,True,False,False,False,False,False,
Q107,Which Configurator toolbar action defines read and write paths for test and I/O labels?,factual,easy,Map Labels.,TESTRX User Manual,47,16 Test Case Execution Workflow > 16.2 Test Bench Configuration Setup > 16.2.3 Configurator Tab – Toolbar Options,section-16.2.3-element-004,section-16.2.3-element-004,section-16.2.3-element-004,section-16.2.3-element-004,section-16.2.3-element-004,Map Labels.,,,answerable,True,False,False,False,False,False,False,
Q108,Which Configurator toolbar actions move a TBC between TESTRX installations or sessions as a ZIP file?,configuration,medium,"Export saves the selected TBC as a ZIP file, and Import loads a previously exported TBC ZIP file.",TESTRX User Manual,47,16 Test Case Execution Workflow > 16.2 Test Bench Configuration Setup > 16.2.3 Configurator Tab – Toolbar Options,section-16.2.3-element-004,section-16.2.3-element-004,section-16.2.3-element-004,section-16.2.3-element-004,section-16.2.3-element-004,"Export saves the selected TBC as a ZIP file, and Import loads a previously exported TBC ZIP file.",,,answerable,True,False,False,False,False,False,False,
Q109,When is the Map Labels option available?,configuration,easy,Only for TBC nodes in the project tree.,TESTRX User Manual,47,16 Test Case Execution Workflow > 16.2 Test Bench Configuration Setup > 16.2.4 Map Labels,section-16.2.4-element-001,section-16.2.4-element-001,section-16.2.4-element-001,section-16.2.4-element-001,section-16.2.4-element-001,Only for TBC nodes in the project tree.,,,answerable,True,False,False,False,False,False,False,
Q110,What is the purpose of Map Labels?,definition,medium,It maps logical labels used by test cases to database signals so read/write and diagnostic communication work correctly during execution.,TESTRX User Manual,47,16 Test Case Execution Workflow > 16.2 Test Bench Configuration Setup > 16.2.4 Map Labels,section-16.2.4-element-001,section-16.2.4-element-001,section-16.2.4-element-001,section-16.2.4-element-001,section-16.2.4-element-001,It maps logical labels used by test cases to database signals so read/write and diagnostic communication work correctly during execution.,,,answerable,True,False,False,False,False,False,False,
Q111,"Which Map Labels tab opens by default, and which common actions are available?",configuration,medium,"Test Labels opens by default; Autofill, Import, Export, Cancel, and Save are available.",TESTRX User Manual,48,16 Test Case Execution Workflow > 16.2 Test Bench Configuration Setup > 16.2.4 Map Labels > 16.2.4.1 Overview,section-16.2.4.1-element-001,section-16.2.4.1-element-001,section-16.2.4.1-element-001,section-16.2.4.1-element-001,section-16.2.4.1-element-001,"Test Labels opens by default; Autofill, Import, Export, Cancel, and Save are available.",,,answerable,True,False,False,False,False,False,False,
Q112,Where do the Test Labels tab entries come from?,multi-section,hard,They are extracted automatically from the labels in all test cases linked to the active Test Session.,TESTRX User Manual,48|49,16 Test Case Execution Workflow > 16.2 Test Bench Configuration Setup > 16.2.4 Map Labels > 16.2.4.2 Test Labels Tab,section-16.2.4.2-element-001,section-16.2.4.2-element-001,section-16.2.4.2-element-001,section-16.2.4.2-element-001,section-16.2.4.2-element-001,They are extracted automatically from the labels in all test cases linked to the active Test Session.,,,answerable,True,False,True,False,False,False,False,
Q113,How do the Test Labels and IO Labels tabs differ?,comparison,hard,Test Labels maps labels extracted from linked test cases to active CANoe read/write paths; IO Labels maps user-defined hardware or external-interface labels and visually flags missing mappings. Both have a mapping grid and read-only details panel.,TESTRX User Manual,48|49,16 Test Case Execution Workflow > 16.2 Test Bench Configuration Setup > 16.2.4 Map Labels > 16.2.4.2 Test Labels Tab || 16 Test Case Execution Workflow > 16.2 Test Bench Configuration Setup > 16.2.4 Map Labels > 16.2.4.3 IO Labels Tab,section-16.2.4.2-element-001|section-16.2.4.3-element-001,section-16.2.4.2-element-001|section-16.2.4.3-element-001,section-16.2.4.2-element-001,section-16.2.4.2-element-001|section-16.2.4.3-element-001,section-16.2.4.2-element-001|section-16.2.4.3-element-001,Test Labels maps labels extracted from linked test cases to active CANoe read/write paths; IO Labels maps user-defined hardware or external-interface labels and visually flags missing mappings. Both have a mapping grid and read-only details panel.,,section-13.2-element-002,answerable,False,True,False,False,False,False,False,
Q114,What does Autofill do in Map Labels?,configuration,easy,"It populates read and write paths in Test Labels, IO Labels, and Diagnostics by matching label names to signals in connected CANoe databases.",TESTRX User Manual,49,16 Test Case Execution Workflow > 16.2 Test Bench Configuration Setup > 16.2.4 Map Labels > 16.2.4.4 Autofill Functionality,section-16.2.4.4-element-001,section-16.2.4.4-element-001,section-16.2.4.4-element-001,section-16.2.4.4-element-001,section-16.2.4.4-element-001,"It populates read and write paths in Test Labels, IO Labels, and Diagnostics by matching label names to signals in connected CANoe databases.",,,answerable,True,False,False,False,False,False,False,
Q115,What happens when mapping data is imported over existing mappings?,configuration,easy,A confirmation is shown before the current mappings are replaced.,TESTRX User Manual,49|50,16 Test Case Execution Workflow > 16.2 Test Bench Configuration Setup > 16.2.4 Map Labels > 16.2.4.5 Import and Export,section-16.2.4.5-element-001,section-16.2.4.5-element-001,section-16.2.4.5-element-001,section-16.2.4.5-element-001,section-16.2.4.5-element-001,A confirmation is shown before the current mappings are replaced.,,,answerable,True,False,False,False,False,False,False,
Q116,Does exporting label mappings change the mappings in the workspace?,factual,easy,No. It saves mappings from all tabs to a ZIP file without changing the workspace mappings.,TESTRX User Manual,49|50,16 Test Case Execution Workflow > 16.2 Test Bench Configuration Setup > 16.2.4 Map Labels > 16.2.4.5 Import and Export,section-16.2.4.5-element-001,section-16.2.4.5-element-001,section-16.2.4.5-element-001,section-16.2.4.5-element-001,section-16.2.4.5-element-001,No. It saves mappings from all tabs to a ZIP file without changing the workspace mappings.,,,answerable,True,False,False,False,False,False,False,
Q117,How does Map Labels signal an invalid database mapping?,troubleshooting,medium,The label is highlighted in pink and its read/write dropdowns are disabled when valid signals are unavailable.,TESTRX User Manual,50,16 Test Case Execution Workflow > 16.2 Test Bench Configuration Setup > 16.2.4 Map Labels > 16.2.4.6 Label Validation and Visual Indicators,section-16.2.4.6-element-001,section-16.2.4.6-element-001,section-16.2.4.6-element-001,section-16.2.4.6-element-001,section-16.2.4.6-element-001,The label is highlighted in pink and its read/write dropdowns are disabled when valid signals are unavailable.,,,answerable,True,False,False,False,False,False,False,
Q118,How do you create a Test Plan after adding a TBC?,procedure,hard,"Return to Test Session Overview, select the test cases, right-click and choose Create Test Plan, then enter the plan name.",TESTRX User Manual,50,16 Test Case Execution Workflow > 16.3 Define and Configure a Test Plan,section-16.3-element-001|section-16.3-element-002|section-16.3-element-003,section-16.3-element-001|section-16.3-element-002|section-16.3-element-003,section-16.3-element-001,section-16.3-element-001|section-16.3-element-002|section-16.3-element-003,section-16.3-element-001|section-16.3-element-002|section-16.3-element-003,"Return to Test Session Overview, select the test cases, right-click and choose Create Test Plan, then enter the plan name.",,,answerable,False,True,False,False,True,False,False,
Q119,What keyboard shortcut selects all test cases before creating or reloading a Test Plan?,factual,easy,Ctrl+A.,TESTRX User Manual,50,16 Test Case Execution Workflow > 16.3 Define and Configure a Test Plan,section-16.3-element-004-labelled,section-16.3-element-004-labelled,section-16.3-element-004-labelled,section-16.3-element-004-labelled,section-16.3-element-004-labelled,Ctrl+A.,,,answerable,True,False,False,False,False,False,False,
Q120,What information is shown in a Test Plan execution tab?,factual,medium,"It shows S. No, ID, Name, Description, Start Time, End Time, Verdict, and a Report link for each test case.",TESTRX User Manual,50,16 Test Case Execution Workflow > 16.4 Execute the configured test cases,section-16.4-element-001|section-16.4-element-002,section-16.4-element-001|section-16.4-element-002,section-16.4-element-001,section-16.4-element-001|section-16.4-element-002,section-16.4-element-001|section-16.4-element-002,"It shows S. No, ID, Name, Description, Start Time, End Time, Verdict, and a Report link for each test case.",,,answerable,False,True,False,False,False,False,False,
Q121,How do you open the latest report for an individual test case versus the entire latest run?,comparison,medium,Use the test case's Report-column link for its latest report; use the report next to Active Test Run Report for the whole latest run.,TESTRX User Manual,53,16 Test Case Execution Workflow > 16.5 Test Plan Execution and Report Viewing,section-16.5-element-007|section-16.5-element-009,section-16.5-element-007|section-16.5-element-009,section-16.5-element-007,section-16.5-element-007|section-16.5-element-009,section-16.5-element-007|section-16.5-element-009,Use the test case's Report-column link for its latest report; use the report next to Active Test Run Report for the whole latest run.,,,answerable,False,True,False,False,False,False,False,
Q122,How can older Test Plan reports be opened?,procedure,easy,"Open the Test Run tab, click My Runs, and select a report from the list of previous runs.",TESTRX User Manual,54,16 Test Case Execution Workflow > 16.5 Test Plan Execution and Report Viewing,section-16.5-element-011,section-16.5-element-011,section-16.5-element-011,section-16.5-element-011,section-16.5-element-011,"Open the Test Run tab, click My Runs, and select a report from the list of previous runs.",,,answerable,True,False,False,False,True,False,False,
Q123,What is Jama used for in the TESTRX integration?,definition,easy,"Jama is an ALM tool for requirements, test cases, and traceability; the integration synchronizes test artifacts with Jama Connect.",TESTRX User Manual,54|55,17 JAMA Integration,section-17-element-001,section-17-element-001,section-17-element-001,section-17-element-001,section-17-element-001,"Jama is an ALM tool for requirements, test cases, and traceability; the integration synchronizes test artifacts with Jama Connect.",,,answerable,True,False,False,False,False,False,False,
Q124,How do you load a project and one of its Test Suites from ALM?,procedure,hard,"Use File > New > Project > Load, submit valid ALM credentials, choose the project, then open it, right-click the required Test Suite, choose Load Test Suite, and authenticate when prompted.",TESTRX User Manual,55|56,17 JAMA Integration > 17.1 Test Case Role > 17.1.1 Load Project from ALM,section-17.1.1-element-001|section-17.1.1-element-003|section-17.1.1-element-005|section-17.1.1-element-007,section-17.1.1-element-001|section-17.1.1-element-003|section-17.1.1-element-005|section-17.1.1-element-007,section-17.1.1-element-001,section-17.1.1-element-001|section-17.1.1-element-003|section-17.1.1-element-005|section-17.1.1-element-007,section-17.1.1-element-001|section-17.1.1-element-003|section-17.1.1-element-005|section-17.1.1-element-007,"Use File > New > Project > Load, submit valid ALM credentials, choose the project, then open it, right-click the required Test Suite, choose Load Test Suite, and authenticate when prompted.",,,answerable,False,True,False,False,True,False,False,
Q125,Which modified items can be flushed back to ALM?,configuration,medium,Only Test Suites and Test Cases that were originally loaded from ALM are eligible for flushing.,TESTRX User Manual,57,17 JAMA Integration > 17.1 Test Case Role > 17.1.2 Flush Modified Test Suites and Test Cases,section-17.1.2-element-001|section-17.1.2-element-004-labelled,section-17.1.2-element-001|section-17.1.2-element-004-labelled,section-17.1.2-element-001,section-17.1.2-element-001|section-17.1.2-element-004-labelled,section-17.1.2-element-001|section-17.1.2-element-004-labelled,Only Test Suites and Test Cases that were originally loaded from ALM are eligible for flushing.,,,answerable,False,True,False,False,False,False,False,
Q126,How do you link an ALM requirement to a Test Case?,procedure,hard,"Open the Test Case details, go to Traceability, right-click the S.No cell, choose Add Requirement, enter the ALM Requirement ID, and press Enter.",TESTRX User Manual,57|58,17 JAMA Integration > 17.1 Test Case Role > 17.1.3 Link Requirements to Test Cases (Traceability),section-17.1.3-element-001,section-17.1.3-element-001|section-17.1.3-element-003,section-17.1.3-element-001,section-17.1.3-element-001,section-17.1.3-element-001|section-17.1.3-element-003,"Open the Test Case details, go to Traceability, right-click the S.No cell, choose Add Requirement, enter the ALM Requirement ID, and press Enter.",section-17.1.3-element-003,,answerable,True,False,False,False,True,False,False,
Q127,How do you remove a requirement link from a Test Case?,procedure,easy,Right-click the S. No cell for the requirement row and choose Remove Requirement.,TESTRX User Manual,58,17 JAMA Integration > 17.1 Test Case Role > 17.1.3 Link Requirements to Test Cases (Traceability),section-17.1.3-element-003,section-17.1.3-element-003,section-17.1.3-element-003,section-17.1.3-element-003,section-17.1.3-element-003,Right-click the S. No cell for the requirement row and choose Remove Requirement.,,,answerable,True,False,False,False,True,False,False,
Q128,"What do Close, Close Others, and Close All do in a tab context menu?",comparison,easy,"Close closes the selected tab, Close Others closes every other tab, and Close All closes all open tabs.",TESTRX User Manual,59,18 Tab Management and Table Options,section-18-element-005,section-18-element-005,section-18-element-005,section-18-element-005,section-18-element-005,"Close closes the selected tab, Close Others closes every other tab, and Close All closes all open tabs.",,,answerable,True,False,False,False,False,False,False,
Q129,"How can a closed Test Case Editor section be restored, and how can the table size be reset?",procedure,medium,Right-click the editor's S. No cell to add the closed section back; use Table Auto Adjust to fit content or Default Table to restore the default size.,TESTRX User Manual,60,18 Tab Management and Table Options,section-18-element-007,section-18-element-007,section-18-element-007,section-18-element-007,section-18-element-007,Right-click the editor's S. No cell to add the closed section back; use Table Auto Adjust to fit content or Default Table to restore the default size.,,,answerable,True,False,False,False,True,False,False,
Q130,"Which menu command starts a flush to ALM, and which items are eligible for that operation?",cross-reference,hard,Use File > Flush; only Test Suites and Test Cases originally loaded from ALM are eligible.,TESTRX User Manual,9|10|57,7 Menu Bar > 7.1 Menu and Sub-Menu Description || 17 JAMA Integration > 17.1 Test Case Role > 17.1.2 Flush Modified Test Suites and Test Cases,table_1|section-17.1.2-element-001|section-17.1.2-element-004-labelled,table_1|section-17.1.2-element-001|section-17.1.2-element-004-labelled,table_1,table_1|section-17.1.2-element-001|section-17.1.2-element-004-labelled,table_1|section-17.1.2-element-001|section-17.1.2-element-004-labelled,Use File > Flush; only Test Suites and Test Cases originally loaded from ALM are eligible.,,,answerable,False,True,False,False,False,True,True,
Q131,"Where is a DBC file associated for CANoe, and how is that database added?",cross-reference,hard,"CANoe's DBC association is managed through Signia. In Signia, click Add, choose DBC, browse to the file in Details, and save it.",TESTRX User Manual,17|18|43,16 Test Case Execution Workflow > 16.2 Test Bench Configuration Setup > 16.2.2 Supported Interfaces and Configuration Parameters || 11 Signia > 11.1 Adding Database,section-16.2.2-local-group-01|section-11.1-element-001|section-11.1-element-003,section-16.2.2-local-group-01|section-11.1-element-001|section-11.1-element-003,section-16.2.2-local-group-01,section-16.2.2-local-group-01|section-11.1-element-001|section-11.1-element-003,section-16.2.2-local-group-01|section-11.1-element-001|section-11.1-element-003,"CANoe's DBC association is managed through Signia. In Signia, click Add, choose DBC, browse to the file in Details, and save it.",,,answerable,False,True,False,False,False,True,True,
Q132,How can deleting a Signia database affect label validity elsewhere in TESTRX?,multi-section,hard,"Deleting the Signia reference can remove or invalidate linked label references, causing the affected label rows to be highlighted in pink.",TESTRX User Manual,19|25|26,11 Signia > 11.2 Delete and Force Delete – Database File || 13 Labels > 13.4 Visual Indicators for Label Validity,section-11.2-element-001|section-13.4-element-001,section-11.2-element-001|section-13.4-element-001,section-11.2-element-001,section-11.2-element-001|section-13.4-element-001,section-11.2-element-001|section-13.4-element-001,"Deleting the Signia reference can remove or invalidate linked label references, causing the affected label rows to be highlighted in pink.",,,answerable,False,True,False,False,False,False,True,
